Clip Story Black P1 BM	244	Group 4-Cranes	Blindbox
Clip Story Black P2 BM	614	Group 4-Cranes	Blindbox
Clip Story White Single BM	696	Group 4-Cranes	Medium
Color Star P1 G	484	Group 4-Cranes	Small
Color Star P2 G	1530	Group 4-Cranes	Small
Color Star P3 G	690	Group 4-Cranes	Small
Color Star P4 G	691	Group 4-Cranes	Small
Crazy Stars 3 P1 BM	210	Group 4-Cranes	Medium
Crazy Stars 3 P2 BM	1531	Group 4-Cranes	Medium
Crazy Stars 3 P3 BM	211	Group 4-Cranes	Small
Crazy Stars 3 P4 BM	212	Group 4-Cranes	Medium
Crazy Stars 3 P5 BM	213	Group 4-Cranes	Medium
Crazy Stars 3 P6 BM	214	Group 4-Cranes	Small
Crazy Toy 2 BM	1271	Group 4-Cranes	Medium
Crazy Toy Double LHS BM	149	Group 4-Cranes	Medium
Crazy Toy Double RHS BM	150	Group 4-Cranes	Medium
Crazy Toy L1	1545	Group 4-Cranes	Small
Crazy Toy Miya 1000 BM	1000	Group 4-Cranes	Small
Crazy Toy Miya 1001 BM	1001	Group 4-Cranes	Small
Crazy Toy Miya 1002 BM	1002	Group 4-Cranes	Small
Crazy Toy Miya 1003 BM	1003	Group 4-Cranes	Small
Crazy Toy Miya 1004 BM	1004	Group 4-Cranes	Small
Crazy Toy Miya 1005 BM	1005	Group 4-Cranes	Small
Crazy Toy Miya 1006 BM	1006	Group 4-Cranes	Small
Crazy Toy Miya 1007 BM	1007	Group 4-Cranes	Small
Crazy Toy Miya 1008 BM	1008	Group 4-Cranes	Small
Crazy Toy Miya 1009 BM	1009	Group 4-Cranes	Small
Crazy Toy Miya 1010 BM	1010	Group 4-Cranes	Small
Crazy Toy Miya 1011 BM	1011	Group 4-Cranes	Small
Crazy Toy Miya 1012 BM	1012	Group 4-Cranes	Small
Crazy Toy Miya 1013 BM	1013	Group 4-Cranes	Small
Crazy Toy Miya 1014 BM	1014	Group 4-Cranes	Small
Crazy Toy Miya 1015 BM	1015	Group 4-Cranes	Small
Crazy Toy Miya 1016 BM	1016	Group 4-Cranes	Small
Crazy Toy Miya 1017 BM	1017	Group 4-Cranes	Small
Crazy Toy Miya 1018 BM	1018	Group 4-Cranes	Small
Crazy Toy Miya 1019 BM	1019	Group 4-Cranes	Small
Crazy Toy Miya 1020 BM	1020	Group 4-Cranes	Small
Crazy Toy Miya 1021 BM	1021	Group 4-Cranes	Small
Crazy Toy Miya 1022 BM	1022	Group 4-Cranes	Small
Crazy Toy Miya 1023 BM	1023	Group 4-Cranes	Small
Crazy Toy Miya 1024 BM	1024	Group 4-Cranes	Small
Crazy Toy Miya 1025 BM	1025	Group 4-Cranes	Small
Crazy Toy Miya 1026 BM	1026	Group 4-Cranes	Small
Crazy Toy Miya 1027 BM	1027	Group 4-Cranes	Small
Crazy Toy Miya 1028 BM	1028	Group 4-Cranes	Small
Crazy Toy Miya 1029 BM	1029	Group 4-Cranes	Small
Crazy Toy Miya 1030 BM	1030	Group 4-Cranes	Small
Crazy Toy Miya 1031 BM	1031	Group 4-Cranes	Small
Crazy Toy Miya 1032 BM	1032	Group 4-Cranes	Small
Crazy Toy Miya 1033 BM	1033	Group 4-Cranes	Small
Crazy Toy Miya 1034 BM	1034	Group 4-Cranes	Small
Crazy Toy Miya 1035 BM	1035	Group 4-Cranes	Small
Crazy Toy Miya 1036 BM	1036	Group 4-Cranes	Small
Crazy Toy Miya 1037 BM	1037	Group 4-Cranes	Small
Crazy Toy Miya 1038 BM	1038	Group 4-Cranes	Small
Crazy Toy Miya 1039 BM	1039	Group 4-Cranes	Small
Crazy Toy Miya 1040 BM	1040	Group 4-Cranes	Small
Crazy Toy Miya 1041 BM	1041	Group 4-Cranes	Small
Crazy Toy Miya 1042 BM	1042	Group 4-Cranes	Small
Crazy Toy Miya 1043 BM	1043	Group 4-Cranes	Small
Crazy Toy Miya 1044 BM	1044	Group 4-Cranes	Small
Crazy Toy Miya 1045 BM	1045	Group 4-Cranes	Small
Crazy Toy Miya 1046 BM	1046	Group 4-Cranes	Small
Crazy Toy Miya 1047 BM	1047	Group 4-Cranes	Small
Crazy Toy Miya 1048 BM	1048	Group 4-Cranes	Small
Crazy Toy Miya 1049 BM	1049	Group 4-Cranes	Small
Crazy Toy Miya 1050 BM	1050	Group 4-Cranes	Small
Crazy Toy Miya 1051 BM	1051	Group 4-Cranes	Small
Crazy Toy Miya 1052 BM	1052	Group 4-Cranes	Small
Crazy Toy Miya 1053 BM	1053	Group 4-Cranes	Small
Crazy Toy Miya 1054 BM	1054	Group 4-Cranes	Small
Crazy Toy Miya 1058 BM	1058	Group 4-Cranes	Small
Crazy Toy Miya 979 BM	979	Group 4-Cranes	Small
Crazy Toy Miya 980 BM	980	Group 4-Cranes	Small
Crazy Toy Miya 981 BM	981	Group 4-Cranes	Small
Crazy Toy Miya 982 BM	982	Group 4-Cranes	Small
Crazy Toy Miya 983 BM	983	Group 4-Cranes	Small
Crazy Toy Miya 984 BM	984	Group 4-Cranes	Small
Crazy Toy Miya 985 BM	985	Group 4-Cranes	Small
Crazy Toy Miya 986 BM	986	Group 4-Cranes	Small
Crazy Toy Miya 987 BM	987	Group 4-Cranes	Small
Crazy Toy Miya 988 BM	988	Group 4-Cranes	Small
Crazy Toy Miya 989 BM	989	Group 4-Cranes	Small
Crazy Toy Miya 990 BM	990	Group 4-Cranes	Small
Crazy Toy Miya 991 BM	991	Group 4-Cranes	Small
Crazy Toy Miya 992 BM	992	Group 4-Cranes	Small
Crazy Toy Miya 993 BM	993	Group 4-Cranes	Small
Crazy Toy Miya 994 BM	994	Group 4-Cranes	Small
Crazy Toy Miya 995 BM	995	Group 4-Cranes	Small
Crazy Toy Miya 996 BM	996	Group 4-Cranes	Small
Crazy Toy Miya 997 BM	997	Group 4-Cranes	Small
Crazy Toy Miya 998 BM	998	Group 4-Cranes	Small
Crazy Toy Miya 999 BM	999	Group 4-Cranes	Small
CrazyToy Nano #1 BM	146	Group 4-Cranes	Small
CrazyToy Nano #2 BM	147	Group 4-Cranes	Small
Crystal House #1 BM	143	Group 4-Cranes	Medium
Crystal House #2 BM	144	Group 4-Cranes	Medium
Crystal House #3 BM	145	Group 4-Cranes	Medium
Doll Castle # 1 BM	1110	Group 4-Cranes	Prize
Doll Castle 6 BM	1635	Group 4-Cranes	Large
Doll Castle LHS BM	1111	Group 4-Cranes	Large
Doll House #2 BM	547	Group 4-Cranes	Large
Doll House #3 BM	208	Group 4-Cranes	Large
Doll House RHS BM	209	Group 4-Cranes	Large
Eclaw LHS BM	545	Group 4-Cranes	Pops
Eclaw LHS G	492	Group 4-Cranes	Pops
Eclaw RHS BM	546	Group 4-Cranes	Pops
Eclaw RHS G	544	Group 4-Cranes	Pops
Future Fields L1	1430	Group 4-Cranes	Medium
Handsome Man BM	377	Group 4-Cranes	Medium
Handsome Man L1	378	Group 4-Cranes	Medium
Hexclaw P1 G	1535	Group 4-Cranes	Medium
Hexclaw P2 G	1534	Group 4-Cranes	Medium
Hexclaw P3 G	1533	Group 4-Cranes	Medium
Hexclaw P4 G	1536	Group 4-Cranes	Medium
Hexclaw P5 G	1537	Group 4-Cranes	Medium
Hexclaw P6 G	1540	Group 4-Cranes	Medium
Hip Pop Elf (Blue) #1 BM	142	Group 4-Cranes	Medium
Hip Pop Elf (Blue) #2 BM	136	Group 4-Cranes	Medium
Hip Pop Elf (Pink) #1 BM	139	Group 4-Cranes	Medium
Hip Pop Elf (Pink) #2 BM	137	Group 4-Cranes	Medium
Hip Pop Elf (Yellow) #1 BM	138	Group 4-Cranes	Medium
Hip Pop Elf (Yellow) #2 BM	140	Group 4-Cranes	Medium
Hip Pop Elf (Yellow) #3 BM	141	Group 4-Cranes	Medium
Innis 4 P1 L1	1502	Group 4-Cranes	Small
Innis 4 P2 L1	1503	Group 4-Cranes	Small
Innis 4 P3 L1	1504	Group 4-Cranes	Small
Innis 4 P4 L1	1506	Group 4-Cranes	Small
Ins Balloon #1 L1	1441	Group 4-Cranes	Small
Ins Balloon #2 L1	1442	Group 4-Cranes	Small
Meow Meow House #1 BM	159	Group 4-Cranes	Small
Meow Meow House #2 BM	160	Group 4-Cranes	Small
Meow Meow House #3 BM	96	Group 4-Cranes	Small
Meow Meow House #4 BM	231	Group 4-Cranes	Small
Party Plus P1 BM	1349	Group 4-Cranes	Small
Party Plus P2 BM	1350	Group 4-Cranes	Small
Party Plus P3 BM	1351	Group 4-Cranes	Small
Party Plus P4 BM	1352	Group 4-Cranes	Small
SKEWB P1 L1	686	Group 4-Cranes	Small
SKEWB P2 L1	687	Group 4-Cranes	Small
SKEWB P3 L1	688	Group 4-Cranes	Small
SKEWB P4 L1	689	Group 4-Cranes	Small
The Big One Claw BM	1532	Group 4-Cranes	Large
The Clena P1 G	1449	Group 4-Cranes	Pops
The Clena P2 G	1450	Group 4-Cranes	Pops
UFO Catcher P1 G	1406	Group 4-Cranes	Pops
UFO Catcher P2 G	1408	Group 4-Cranes	Pops
Virgo BM	1125	Group 4-Cranes	Small
